L2,Jaccard,Hausdorff,Elements,Vertices,sizes,MeshTime,SolveTime
0.04031472516014835,0.6962122070447316,0.2061895614306347,188,113,"(0.3894558789948679, 0.6431404325802621)",0.05710711799838464,0.10833459700006642
0.007489124828203484,0.8097262603085723,0.19122750206062042,739,403,"(0.12622950615967504, 0.5390898889333462)",0.06888994100154378,0.3174175540007127
0.0024247612477164655,0.9317618389983908,0.1154723621245738,2135,1101,"(0.0772323662623885, 0.5391111718721933)",0.1289869460015325,0.25260427000102936
0.0017363340024605482,0.9570523332235968,0.07533614932382261,4873,2470,"(0.03849086449037386, 0.5391111706523841)",0.2542746039980557,0.48284665900064283
0.001385687983169278,0.9779527443948229,0.036882471077765544,10231,5149,"(0.022664691445961747, 0.5391111706201706)",0.5684302529989509,0.9013451909995638
0.0012976223288898021,0.9899403272750694,0.017174380920968114,20675,10371,"(0.01036636938605876, 0.5391111705890098)",0.9454943599994294,2.0013324380015547
0.0012750834078195045,0.9954064576574622,0.009697786133157022,41217,20642,"(0.0055385495961910395, 0.5391111705045466)",2.0683894980029436,3.9686936040016008
