L2,H1,Jaccard,Hausdorff,Elements,Vertices,SizeMin,SizeMax,PreMeshCompTime,RefineTime,SolveTime
0.19202423301780255,0.6231717703045456,0.3315380439480981,0.4257648792840407,80,53,0.6277904724389103,0.9632341922267931,0.5570730389990786,0.02057303399851662,0.10641056100212154
0.012256654646564788,0.1707244434588975,0.9133267939488809,0.1589982569375615,811,432,0.12183355261085571,0.7132191228234391,0.21808842699829256,0.031244898000295507,0.34438399500140804
0.007181040670998737,0.1330575521785026,0.967655343831333,0.04025996613078503,1494,767,0.04835849440438047,0.7815379938350684,0.2634638020026614,0.10102396000002045,0.2079723609967914
0.005136905375771239,0.1091606969430919,0.985367561811577,0.01733484904950424,5430,2735,0.017045599471021123,0.716178672862647,0.5517874270008178,0.1984362670009432,0.4265953799986164
0.005551783666479025,0.11480394243135175,0.9925834403869852,0.00996975838348973,8654,4347,0.008046754305130346,0.7398751015254845,0.9683404110000993,0.6237157210016449,0.8719903780001914
0.004880757992998906,0.11115869902319282,0.9964651619106709,0.003532640368296902,29348,14694,0.00276851110768584,0.7268079053209577,2.304674226001225,1.011260452996794,2.5153631230023166
0.005361269456927723,0.11598450346053024,0.9959444702521316,0.0029823887938269116,44530,22285,0.0014128976457127387,0.7687492057610349,3.5695788500015624,0.2765209990029689,4.375935768999625
