L2,H1,Jaccard,Hausdorff,Elements,Vertices,SizeMin,SizeMax,PreMeshCompTime,RefineTime,SolveTime
0.2405666600138174,0.8846300614792474,0.6962122070447316,0.2061895614306347,188,113,0.3894558789948679,0.6431404325802621,0.49157763199764304,0.017927751992829144,0.10283203299331944
0.19867639487458238,0.7924481567127524,0.9136660959019779,0.10147078255341203,882,461,0.1051102341472557,0.7247096487066136,0.22341711400076747,0.03169040899956599,0.28194353700382635
0.19627510342918114,0.7830774779418074,0.9665393816320713,0.043612560201638666,1536,787,0.0472099387247927,0.810377393940802,0.2570357749937102,0.0997728779911995,0.20589748601196334
0.1952135502325036,0.7804717956310208,0.9879344713780244,0.0180298955191319,5280,2659,0.013016339680093782,0.7837348153698918,0.48090120300184935,0.16866572700382676,0.4239133350056363
0.19510301767033378,0.7805076723375132,0.9920110580407037,0.010576018028739554,8788,4413,0.0075661045010569136,0.7377045703541304,0.7121466480020899,0.5845651650015498,0.7368177309981547
0.19474842801062203,0.781906137618165,0.9966829751885588,0.003194794918833961,29394,14716,0.0026808825298774053,0.7445318023932719,2.2847640390100423,0.9487149359920295,2.2055702229990857
0.19481680527166476,0.7819398175207128,0.9961303485944702,0.0027443551069515027,44260,22149,0.0012584864486585628,0.7863015612324501,3.5766795850067865,0.24858877999940887,4.135867707009311
