L2,Jaccard,Hausdorff,Elements,Vertices,SizeMin,SizeMax,MeshTime,SolveTime
0.04031472516014835,0.6962122070447316,0.2061895614306347,188,113,0.3894558789948679,0.6431404325802621,1.2621597389988892,0.11347126199689228
0.005366450912377662,0.8943315173335976,0.11509670754085406,884,467,0.10366871849328359,0.6030549984721262,0.3455374639997899,0.45156551000036416
0.0015534263491150193,0.957374045586129,0.05830299234987085,1348,700,0.05883490230200988,0.5584974252526782,0.45601254400025937,0.20702795599936508
0.00035640022314164415,0.9841111850364725,0.022616979823839187,5022,2562,0.024863359461976542,0.287828272863987,0.892051454000466,0.46904648400231963
0.0005550754975018913,0.9917152283920976,0.012978464074437706,6901,3506,0.012728633381611853,0.24868587381201843,1.4764121449989034,0.8396516209977563
0.0001718459913262509,0.9965239334447489,0.006785746343696005,25997,13109,0.0042689485683281275,0.13211532457380057,2.7617031929985387,2.37570968
0.00017995847646853493,0.9980592520608569,0.0037260651124902894,34480,17355,0.002145841179717138,0.10795656533933258,3.8041893519985024,3.734700236000208
