L2,H1,Jaccard,Hausdorff,Elements,Vertices,SizeMin,SizeMax,PreMeshCompTime,RefineTime,SolveTime
0.2405666600138174,0.8846300614792474,0.6962122070447316,0.2061895614306347,188,113,0.3894558789948679,0.6431404325802621,0.1956955019995803,0.011631257992121391,0.12918767900555395
0.20382617106508574,0.8074084935471629,0.8868930231007659,0.15555265765269546,411,223,0.16936737298798182,0.8621847040747543,0.0323158809915185,0.02077526399807539,0.2795179999957327
0.19699440643255753,0.788431393078093,0.9481441735574647,0.05613383946280085,1040,538,0.06918108937779287,0.8072263011781128,0.04911916100536473,0.04788778400688898,0.17923820900614373
0.19609402178743116,0.7807796978233884,0.9771618260854836,0.031148119759276265,2108,1072,0.03561949662709738,0.7005232825301767,0.14453344600042328,0.11246199999004602,0.3063650830008555
0.19544226870883086,0.7804648423819212,0.9873275609187504,0.020454719624226313,4226,2131,0.016475640163417054,0.7834097857193637,0.04789643200638238,0.18975797800521832,0.4694810040091397
0.19513373341024282,0.7808434712364966,0.9921529675933778,0.012548670739025377,8152,4094,0.007443340472612769,0.7330734943718278,0.06180566600232851,0.32222768700739834,0.7394241519941716
0.19482943998836588,0.7817317460090335,0.996239408109659,0.004053280495142547,15992,8014,0.004449380322933768,0.6903357177997226,0.11064484999224078,0.11963686099625193,1.4721012219961267
