L2,H1,Jaccard,Hausdorff,Elements,Vertices,SizeMin,SizeMax,PreMeshCompTime,RefineTime,SolveTime
0.19202423301780255,0.6231717703045456,0.3315380439480981,0.4257648792840407,80,53,0.6277904724389103,0.9632341922267931,0.11884159699911834,0.00962731500112568,0.10254698900098447
0.027158287269790127,0.2484548076948468,0.82971711453718,0.25338147421953405,392,214,0.1914142063013445,0.8221207577501248,0.03594816099939635,0.028128161997301504,0.28864793199682026
0.008284760396770941,0.14753827228168723,0.9455651862775235,0.05528859980550707,974,505,0.07932720966580165,0.7575894437094092,0.035653139999340056,0.03915272900121636,0.22442053600025247
0.006648050174216582,0.1294805779214151,0.9746862413519448,0.02925199761419575,2063,1050,0.03611264902545581,0.7913528953936793,0.03946741700201528,0.08059816599779879,0.2767609699985769
0.006090024501028341,0.12325094362949933,0.9868661789898487,0.018023228864414573,4093,2065,0.017267108357413234,0.830228081740433,0.04526942200027406,0.16663318400242133,0.3943084460006503
0.005407024485005128,0.11832084170709121,0.9942674091110133,0.006164302013784641,8291,4164,0.008229953185442935,0.6823877792881596,0.05926986199847306,0.3176942139980383,0.8404361770008109
0.005769924548758152,0.12091214519179942,0.9961488541757615,0.003913642999639335,15997,8017,0.0038044861854130163,0.8281969363419555,0.10838873100146884,0.11413933299991186,1.679816617997858
