L2,H1,Jaccard,Hausdorff,Elements,Vertices,SizeMin,SizeMax,PreMeshCompTime,RefineTime,SolveTime
0.2405666600138174,0.8846300614792474,0.6962122070447316,0.2061895614306347,188,113,0.3894558789948679,0.6431404325802621,0.03808949899394065,0.017956523995962925,0.10772020100557711
0.2060843964488236,0.8272875013075551,0.8097262603085723,0.19122750206062042,739,403,0.12622950615967504,0.5390898889333462,0.02690065400383901,0.04794693998701405,0.4051171739993151
0.19707591785790884,0.7906949243402035,0.9317618389983908,0.1154723621245738,2135,1101,0.0772323662623885,0.5391111718721933,0.027490324995596893,0.09413471800507978,0.2963927370001329
0.19492404370985317,0.7827024257785125,0.9570523332235968,0.07533614932382261,4873,2470,0.03849086449037386,0.5391111706523841,0.07363131799502298,0.2119602620077785,0.4419721979938913
0.19445029741666217,0.7800541078647005,0.9779527443948229,0.036882471077765544,10231,5149,0.022664691445961747,0.5391111706201706,0.0676607190107461,0.4704113150073681,0.9419791880063713
0.19436405492568276,0.7795343731888916,0.9899403272750694,0.017174380920968114,20675,10371,0.01036636938605876,0.5391111705890098,0.12027415599732194,1.0692635050072568,2.0010091820004163
0.19435065284600364,0.7794105961414965,0.9954064576574622,0.009697786133157022,41217,20642,0.0055385495961910395,0.5391111705045466,0.21716774700325914,1.8640881519968389,4.147702674003085
