L2,H1,Jaccard,Hausdorff,Elements,Vertices,SizeMin,SizeMax,PreMeshCompTime,RefineTime,SolveTime
0.19202423301780255,0.6231717703045456,0.3315380439480981,0.4257648792840407,80,53,0.6277904724389103,0.9632341922267931,0.03139324899893836,0.003662832001282368,0.10017657199932728
0.03971076842417123,0.30149977317178217,0.8374003187007406,0.1818322607258811,320,185,0.2967926893525162,0.49912100753689437,0.017830591999882017,0.020604379998985678,0.25885648200164724
0.013141541767105776,0.15560316316300501,0.864354341872061,0.09506256358517277,1115,589,0.1326495506031079,0.48956148443526004,0.02031691000047431,0.05830667599911976,0.1989744949987653
0.004165338428366378,0.09230190832689941,0.9456894689073556,0.05491990751082202,2519,1291,0.06304186383441918,0.4895592459713918,0.026615493999997852,0.1500420860011218,0.29689118699934625
0.002802523728734377,0.07287364445319351,0.9733053114528688,0.02998811183292767,5321,2692,0.03221357162824584,0.48955925308439807,0.03784882000036305,0.369823572000314,0.4239156660005392
0.0025823027910403975,0.06889131988348252,0.9856196161746172,0.016291673069404038,10815,5439,0.01652638461916655,0.4895592531048494,0.06008641299922601,1.0209153219984728,0.9185100959984993
0.002526691181931473,0.06826419135574056,0.9935640569124222,0.007610814520618573,21529,10796,0.00830950852083715,0.48955925309266296,0.11280052899746806,2.9489994190007565,1.86321760699866
