L2,Jaccard,Hausdorff,Elements,Vertices,SizeMin,SizeMax,MeshTime,SolveTime
0.04031472516014835,0.6962122070447316,0.2061895614306347,188,113,0.3894558789948679,0.6431404325802621,0.8296926010007155,0.12128311700143968
0.007427244624249052,0.8097262603085723,0.19122750206062042,752,413,0.12622111336636635,0.4037988996734307,0.19394092799848295,0.5956206239970925
0.002036904757041254,0.931761838998391,0.1154723621245738,2532,1307,0.07598543957383018,0.3838544725569361,0.23824252099802834,0.4249328500009142
0.0008825145412871469,0.9570523332235965,0.07533614932382261,6213,3163,0.038491083989909615,0.2675368084878009,0.7108095010007673,0.5921460749996186
0.00044796202046143473,0.9773967802832466,0.036882471077765544,14037,7084,0.022669248391821877,0.2675369228146312,0.8242609730004915,1.3613210020012048
0.0001607062340892516,0.989886283278741,0.017174380920968114,30417,15300,0.010365225731725575,0.17519170036013354,1.5784715570007393,2.851927338000678
0.00010754831838724561,0.9948135749114961,0.009697786133157022,57905,29073,0.005538540506930164,0.16891464195180114,3.127687057000003,5.770756771999004
