L2,H1,Jaccard,Hausdorff,Elements,Vertices,SizeMin,SizeMax,PreMeshCompTime,RefineTime,SolveTime
0.2405666600138174,0.8846300614792474,0.6962122070447316,0.2061895614306347,188,113,0.3894558789948679,0.6431404325802621,0.3663571340002818,0.02361390000442043,0.09978494499227963
0.20608160917409007,0.8272472008483992,0.8097262603085723,0.19122750206062042,752,413,0.12622111336636635,0.4037988996734307,0.09675545500067528,0.08147470701078419,0.28647657499823254
0.1970675087717137,0.7900780936037565,0.931761838998391,0.1154723621245738,2532,1307,0.07598543957383018,0.3838544725569361,0.1050019710091874,0.12721186999988277,0.45973556699755136
0.19491212743933656,0.781623362958684,0.9570523332235965,0.07533614932382261,6213,3163,0.038491083989909615,0.2675368084878009,0.1573568980093114,0.2797761520050699,0.5195263390050968
0.1944390439474293,0.778533566833273,0.9773967802832466,0.036882471077765544,14037,7084,0.022669248391821877,0.2675369228146312,0.348551511997357,0.7910360050009331,1.2542810250015464
0.1943520378590267,0.7776583247701296,0.989886283278741,0.017174380920968114,30417,15300,0.010365225731725575,0.17519170036013354,0.3557058459991822,1.2391071710007964,3.2519858890009345
0.19433868158301018,0.7773943014611239,0.9948135749114961,0.009697786133157022,57905,29073,0.005538540506930164,0.16891464195180114,0.5358230580022791,2.467203166001127,5.527079570005299
