L2,Jaccard,Hausdorff,Elements,Vertices,SizeMin,SizeMax,MeshTime,SolveTime
0.04031472516014835,0.6962122070447316,0.2061895614306347,188,113,0.3894558789948679,0.6431404325802621,0.7476573759995517,0.11705972500203643
0.007427244624249052,0.8097262603085723,0.19122750206062042,752,413,0.12622111336636635,0.4037988996734307,0.15042456599985599,0.5367510830001265
0.002036904757041254,0.931761838998391,0.1154723621245738,2532,1307,0.07598543957383018,0.3838544725569361,0.230249885997182,0.2712200470014068
0.0008825145412871469,0.9570523332235965,0.07533614932382261,6213,3163,0.038491083989909615,0.2675368084878009,0.47990006399777485,0.5278863099993032
0.00044796202046143473,0.9773967802832466,0.036882471077765544,14037,7084,0.022669248391821877,0.2675369228146312,0.783243121997657,1.2497375250022742
0.0001607062340892516,0.989886283278741,0.017174380920968114,30417,15300,0.010365225731725575,0.17519170036013354,1.5219808699985151,2.7928640660029487
0.00010754831838724561,0.9948135749114961,0.009697786133157022,57905,29073,0.005538540506930164,0.16891464195180114,2.941363348003506,5.669733817001543
