L2,H1,Jaccard,Hausdorff,Elements,Vertices,SizeMin,SizeMax,PreMeshCompTime,RefineTime,SolveTime
0.2405666600138174,0.8846300614792474,0.6962122070447316,0.2061895614306347,188,113,0.3894558789948679,0.6431404325802621,0.5792259869922418,0.016950902005191892,0.10217521199956536
0.20608160917409007,0.8272472008483992,0.8097262603085723,0.19122750206062042,752,413,0.12622111336636635,0.4037988996734307,0.6015081569930771,0.089758432994131,0.4209935389953898
0.1970675087717137,0.7900780936037565,0.931761838998391,0.1154723621245738,2532,1307,0.07598543957383018,0.3838544725569361,0.4497083340102108,0.12086194100265857,0.47215231000154745
0.19491212743933656,0.781623362958684,0.9570523332235965,0.07533614932382261,6213,3163,0.038491083989909615,0.2675368084878009,0.44165100900863763,0.2766226980020292,0.5163343740132404
0.1944390439474293,0.778533566833273,0.9773967802832466,0.036882471077765544,14037,7084,0.022669248391821877,0.2675369228146312,0.5136041840014514,0.585216606996255,1.2488227489957353
0.1943520378590267,0.7776583247701296,0.989886283278741,0.017174380920968114,30417,15300,0.010365225731725575,0.17519170036013354,0.6123956579976948,1.1744111469888594,2.6446170679992065
0.19433868158301018,0.7773943014611239,0.9948135749114961,0.009697786133157022,57905,29073,0.005538540506930164,0.16891464195180114,0.8329153179947753,2.297782104011276,5.23874264099868
