L2,H1,Jaccard,Hausdorff,Elements,Vertices,SizeMin,SizeMax,PreMeshCompTime,RefineTime,SolveTime
0.2405666600138174,0.8846300614792474,0.6962122070447316,0.2061895614306347,188,113,0.3894558789948679,0.6431404325802621,0.014659509994089603,0.01641681499313563,0.11239570600446314
0.20608160917409007,0.8272472008483992,0.8097262603085723,0.19122750206062042,752,413,0.12622111336636635,0.4037988996734307,0.021096014010254294,0.044020412999088876,0.26113740699656773
0.1970745396781602,0.7906560040671012,0.9317618389983907,0.1154723621245738,2148,1111,0.07723236722271012,0.38473483315848056,0.002756641013547778,0.16699409599823412,0.24840040800336283
0.1948882684816235,0.781364749529552,0.9570523332235965,0.07533614932382261,8592,4369,0.0384899740350526,0.19691931372826868,0.040953267001896165,0.3463030290004099,0.6525110649963608
0.1944168176191102,0.7787406275915224,0.9773967802832465,0.036882471077765544,13950,7048,0.022664649248459835,0.1969193136317945,0.005871688001207076,1.378975885003456,1.3995558530004928
0.19421606521383378,0.7779155701211202,0.989785007480776,0.017174380920968114,55800,28045,0.011319636281126507,0.10158193035120885,0.1595802519877907,1.6917938289989252,4.528042480000295
0.19420282590428306,0.7778006031536833,0.9948135749114974,0.009697786133157022,76342,38316,0.0055607354070904575,0.10158193040141472,0.004683773993747309,6.21932193300745,8.25334151199786
