L2,Jaccard,Hausdorff,Elements,Vertices,SizeMin,SizeMax,MeshTime,SolveTime
0.04031472516014835,0.6962122070447316,0.2061895614306347,188,113,0.3894558789948679,0.6431404325802621,0.03750985700025922,0.12676572099735495
0.007427244624249052,0.8097262603085723,0.19122750206062042,752,413,0.12622111336636635,0.4037988996734307,0.06721145599658485,0.6148755159993016
0.002345270672116346,0.9317618389983907,0.1154723621245738,2148,1111,0.07723236722271012,0.38473483315848056,0.16553225399911753,0.24903165199793875
0.0006863127524095921,0.9570523332235965,0.07533614932382261,8592,4369,0.0384899740350526,0.19691931372826868,0.31075328800216084,0.6432039389983402
0.00032761815913257664,0.9773967802832465,0.036882471077765544,13950,7048,0.022664649248459835,0.1969193136317945,1.0780927870000596,1.3471387489989866
8.023936306432683e-05,0.989785007480776,0.017174380920968114,55800,28045,0.011319636281126507,0.10158193035120885,1.6696654970000964,4.823834531001921
7.550043329410613e-05,0.9948135749114974,0.009697786133157022,76342,38316,0.0055607354070904575,0.10158193040141472,6.29379666100067,8.194271290998586
