L2,H1,Jaccard,Hausdorff,Elements,Vertices,SizeMin,SizeMax,PreMeshCompTime,RefineTime,SolveTime
0.2405666600138174,0.8846300614792474,0.6962122070447316,0.2061895614306347,188,113,0.3894558789948679,0.6431404325802621,0.014093498000875115,0.015927020998788066,0.12618550600018352
0.20608160917409007,0.8272472008483992,0.8097262603085723,0.19122750206062042,752,413,0.12622111336636635,0.4037988996734307,0.01987492600164842,0.04057674600335304,0.35035913200408686
0.1970745396781602,0.7906560040671012,0.9317618389983907,0.1154723621245738,2148,1111,0.07723236722271012,0.38473483315848056,0.0026205900066997856,0.16311186099483166,0.23416348500177264
0.1948882684816235,0.781364749529552,0.9570523332235965,0.07533614932382261,8592,4369,0.0384899740350526,0.19691931372826868,0.04027204700105358,0.3407128510007169,0.6269915790035157
0.1944168176191102,0.7787406275915224,0.9773967802832465,0.036882471077765544,13950,7048,0.022664649248459835,0.1969193136317945,0.0029280200105858967,1.066868693989818,1.3360124480095692
0.19421606521383378,0.7779155701211202,0.989785007480776,0.017174380920968114,55800,28045,0.011319636281126507,0.10158193035120885,0.1250701079989085,1.6009018680051668,4.244852349991561
0.19420282590428306,0.7778006031536833,0.9948135749114974,0.009697786133157022,76342,38316,0.0055607354070904575,0.10158193040141472,0.005038982009864412,6.677965616006986,7.351280567003414
