L2,H1,Jaccard,Hausdorff,Elements,Vertices,SizeMin,SizeMax,PreMeshCompTime,RefineTime,SolveTime
0.2405666600138174,0.8846300614792474,0.6962122070447316,0.2061895614306347,188,113,0.3894558789948679,0.6431404325802621,0.014328489007311873,0.016426154994405806,0.1013363170059165
0.20608160917409007,0.8272472008483992,0.8097262603085723,0.19122750206062042,752,413,0.12622111336636635,0.4037988996734307,0.0026731539983302355,0.059076751000247896,0.2614828570076497
0.1970593021693022,0.789758635930099,0.9317618389983913,0.1154723621245738,3008,1577,0.05967487503907439,0.20701119190025738,0.003056483998079784,0.2457960760075366,0.2895822199934628
0.1948870726781276,0.781145530332103,0.957052333223597,0.07533614932382261,12032,6161,0.029624035465195216,0.1037109967784548,0.0026974819920724258,1.020977007006877,0.9289658979978412
0.19433554302747802,0.7782532519221861,0.9769224671415301,0.036882471077765544,48128,24353,0.014811428819615582,0.051856102841502265,0.002598246996058151,4.124225336010568,3.8158779549994506
0.19419615156719386,0.7779809607306704,0.9897853369882182,0.017174380920968114,192512,96833,0.007405713891747867,0.025928051332191115,0.002765406999969855,17.970006564995856,14.789711099001579
0.1941611971394755,0.7779818927173623,0.994764914847322,0.009697786133157022,770048,386177,0.003702856885497262,0.012964025618847701,0.0033898660039994866,71.16430638200836,69.3518672210048
