L2,Jaccard,Hausdorff,Elements,Vertices,SizeMin,SizeMax,MeshTime,SolveTime
0.04031472516014835,0.6962122070447316,0.2061895614306347,188,113,0.3894558789948679,0.6431404325802621,0.04524171400043997,0.11421751500165556
0.007427244624249052,0.8097262603085723,0.19122750206062042,752,413,0.12622111336636635,0.4037988996734307,0.1567289790000359,0.4815769199994975
0.0033348741428876625,0.9317618389983912,0.1154723621245738,1172,623,0.07393505612357697,0.4075482549572754,0.08945905799919274,0.3326267869997537
0.0008802576605698134,0.9570523332235967,0.07533614932382261,4688,2417,0.033757926704831465,0.2047510712869183,0.15302111799974227,0.38207962500018766
0.0011639746745315035,0.9773967802832463,0.036882471077765544,6296,3221,0.0196978030153163,0.2047511131069385,0.47335451300023124,0.7152123900013976
0.00029127470325318377,0.9897850074807756,0.017174380920968114,25184,12737,0.010064365429937468,0.10313503603095094,0.773125274998165,1.9160959140026534
0.00032161160829603016,0.9948887758523106,0.009697786133157022,31384,15837,0.0049902995812793356,0.10313503608012264,2.521042391002993,3.4977208980017167
