L2,H1,Jaccard,Hausdorff,Elements,Vertices,SizeMin,SizeMax,PreMeshCompTime,RefineTime,SolveTime
0.2405666600138174,0.8846300614792474,0.6962122070447316,0.2061895614306347,188,113,0.3894558789948679,0.6431404325802621,0.08326485300494824,0.009193459001835436,0.11124682100489736
0.20623903066164734,0.8369220013248506,0.8097262603085724,0.19122750206062042,350,194,0.17299109456532324,0.641880043562157,0.025808941005379893,0.023548999000922777,0.3497978939994937
0.19738592771200433,0.8016152014853086,0.9317618389983909,0.1154723621245738,834,436,0.0693932445967114,0.6408600196650356,0.02300702899810858,0.03494174900697544,0.20486530000925995
0.19586403271257857,0.7931954701728491,0.9577857130517233,0.07533614932382261,1646,842,0.030952058897955572,0.6408589144373764,0.024889781008823775,0.07491774900699966,0.23035823200189043
0.19563178177721996,0.7904672915984361,0.981186158966026,0.036882471077765544,3250,1644,0.012397016468990846,0.6408588192203606,0.02754574699793011,0.3110269159951713,0.3483795110078063
0.1955954386840505,0.7897572067945591,0.9908168050975273,0.01508567230324884,6394,3216,0.008773638611637711,0.6408588192445555,0.029809010011376813,0.23897418100386858,1.0248081330064451
0.19558961833204494,0.7895710873768239,0.994901535920981,0.007754908972508669,12566,6302,0.004610950685111277,0.6408588192469379,0.06591686300816946,0.5282076909934403,1.0933898359944578
