L2,H1,Jaccard,Hausdorff,Elements,Vertices,SizeMin,SizeMax,PreMeshCompTime,RefineTime,SolveTime
0.2405666600138174,0.8846300614792474,0.6962122070447316,0.2061895614306347,188,113,0.3894558789948679,0.6431404325802621,0.6403189340053359,0.01061308900534641,0.10478015500120819
0.20622287056538657,0.831471224503208,0.8097262603085723,0.19122750206062042,466,252,0.16581178277180883,0.6441169085601247,0.4269954589981353,0.028181770991068333,0.2931222780025564
0.19749723312109121,0.7914797178271124,0.9317618389983908,0.1154723621245738,1380,710,0.07776843423443418,0.6399627252851238,0.41647219999867957,0.05746144700970035,0.19815946400922257
0.19592664671045848,0.7809851671811916,0.9580447743044067,0.07533614932382261,2874,1469,0.035573909413918366,0.45244372267817445,0.4225599630008219,0.12633024499518797,0.2976618230022723
0.19566540381053607,0.7760996576628867,0.9773967802832467,0.036882471077765544,6387,3235,0.013470279277267743,0.3380877409284202,0.47424098099872936,0.23144823900656775,0.5669685169996228
0.19562110701714738,0.7747649503845272,0.9898610294466993,0.017174380920968114,11544,5832,0.00929940368113751,0.3027344901091526,0.4865924790065037,0.5500207700097235,1.075612304994138
0.19561139444248216,0.7739165994555218,0.9949929985399049,0.009697786133157022,24633,12396,0.003997445196556534,0.3027348623329571,0.6337489270081278,0.887276051013032,2.246323138009757
