L2,H1,Jaccard,Hausdorff,Elements,Vertices,SizeMin,SizeMax,PreMeshCompTime,RefineTime,SolveTime
0.19202423301780255,0.6231717703045456,0.3315380439480981,0.4257648792840407,80,53,0.6277904724389103,0.9632341922267931,0.015334493000409566,0.002288245999807259,0.09866011000121944
0.03971076842417123,0.30149977317178217,0.8374003187007406,0.1818322607258811,320,185,0.2967926893525162,0.49912100753689437,0.0026208329982182477,0.004264932002115529,0.338701527001831
0.012267711410287808,0.15302059103978297,0.864354341872061,0.09506256358517277,1280,689,0.14581517247544673,0.24945022877029308,0.08008988599976874,0.05808984499890357,0.19384832300056587
0.0055053273983603065,0.11988708025962277,0.945689468907356,0.05491990751082202,1718,908,0.06587577699780826,0.24946337889471062,0.0026068090010085143,0.018510185000195634,0.3333048790009343
0.0013760746465450726,0.06020977087710234,0.9724470491254859,0.031110601339412458,6872,3533,0.029799213121758966,0.12479254709747399,0.035856801998306764,0.4555275230013649,0.4942780390010739
0.0014114879733483528,0.05829342241104854,0.9851907466505464,0.01678179005327868,8688,4441,0.016119527232349662,0.12479254745023036,0.00280468599521555,0.1031509609965724,0.9006796379981097
0.00034195843458882354,0.02878594090174338,0.993179042994818,0.008137370990865493,34752,17569,0.0068167407732035,0.06239635232725249,0.1508450469991658,6.164004883998132,2.5711117399987415
