L2,Jaccard,Hausdorff,Elements,Vertices,SizeMin,SizeMax,MeshTime,SolveTime
0.04031472516014835,0.6962122070447316,0.2061895614306347,188,113,0.3894558789948679,0.6431404325802621,0.9697002110005997,0.1212555380006961
0.009087091685965852,0.8097262603085723,0.19122750206062042,466,252,0.16581178277180883,0.6441169085601247,0.15349838100155466,0.8693950259985286
0.004261097418339056,0.9317618389983908,0.1154723621245738,1380,710,0.07776843423443418,0.6399627252851238,0.1694061740017787,0.3619730600003095
0.0019676476927896038,0.9580447743044067,0.07533614932382261,2874,1469,0.035573909413918366,0.45244372267817445,0.3175819419993786,0.3678547300005448
0.0006416417207145663,0.9773967802832467,0.036882471077765544,6387,3235,0.013470279277267743,0.3380877409284202,0.40365850800299086,0.5956089650026115
0.00039910130495345725,0.9898610294466993,0.017174380920968114,11544,5832,0.00929940368113751,0.3027344901091526,0.6839759520007647,1.1035590319988842
0.00020389462317316206,0.9949929985399049,0.009697786133157022,24633,12396,0.003997445196556534,0.3027348623329571,1.2161440899981244,2.4586816869996255
