L2,H1,Jaccard,Hausdorff,Elements,Vertices,SizeMin,SizeMax,PreMeshCompTime,RefineTime,SolveTime
0.2405666600138174,0.8846300614792474,0.6962122070447316,0.2061895614306347,188,113,0.3894558789948679,0.6431404325802621,0.015826943010324612,0.016867714002728462,0.10611271299421787
0.20608160917409007,0.8272472008483992,0.8097262603085723,0.19122750206062042,752,413,0.12622111336636635,0.4037988996734307,0.08482034399639815,0.02523168300103862,0.26444451899442356
0.19748388328606928,0.793597057210379,0.9317618389983912,0.1154723621245738,1172,623,0.07393505612357697,0.4075482549572754,0.002762335992883891,0.08814757000072859,0.21338838800147641
0.19497695552964692,0.7822301862604117,0.9570523332235967,0.07533614932382261,4688,2417,0.033757926704831465,0.2047510712869183,0.03619729900674429,0.14814994001062587,0.37529191000794526
0.19475150866069743,0.779630044519832,0.9773967802832463,0.036882471077765544,6296,3221,0.0196978030153163,0.2047511131069385,0.006895022001117468,0.7066709169885144,0.7128855210030451
0.19429664784272666,0.7779718606279578,0.9897850074807756,0.017174380920968114,25184,12737,0.010064365429937468,0.10313503603095094,0.11542106099659577,0.7054185010056244,2.1352825750072952
0.19429252533200816,0.7778307024596689,0.9948887758523106,0.009697786133157022,31384,15837,0.0049902995812793356,0.10313503608012264,0.0035267210041638464,2.561943284003064,3.414160060012364
