L2,Jaccard,Hausdorff,Elements,Vertices,SizeMin,SizeMax,MeshTime,SolveTime
0.04031472516014835,0.6962122070447316,0.2061895614306347,188,113,0.3894558789948679,0.6431404325802621,1.7925202040023578,0.12232429900177522
0.009087091685965852,0.8097262603085723,0.19122750206062042,466,252,0.16581178277180883,0.6441169085601247,0.7677179970014549,0.8906499490003625
0.004261097418339056,0.9317618389983908,0.1154723621245738,1380,710,0.07776843423443418,0.6399627252851238,0.8306355009990511,0.38569689500218374
0.0019676476927896038,0.9580447743044067,0.07533614932382261,2874,1469,0.035573909413918366,0.45244372267817445,1.0144849050011544,0.47235829300188925
0.0006416417207145663,0.9773967802832467,0.036882471077765544,6387,3235,0.013470279277267743,0.3380877409284202,0.8557142339996062,0.6232433420009329
0.00039910130495345725,0.9898610294466993,0.017174380920968114,11544,5832,0.00929940368113751,0.3027344901091526,1.4710992430009355,1.5360692399990512
0.00020389462317316206,0.9949929985399049,0.009697786133157022,24633,12396,0.003997445196556534,0.3027348623329571,1.7900555659980455,2.5691504360002
