L2,H1,Jaccard,Hausdorff,Elements,Vertices,SizeMin,SizeMax,PreMeshCompTime,RefineTime,SolveTime
0.2405666600138174,0.8846300614792474,0.6962122070447316,0.2061895614306347,188,113,0.3894558789948679,0.6431404325802621,0.32776298400131054,0.010104412998771295,0.10166167101124302
0.20622287056538657,0.831471224503208,0.8097262603085723,0.19122750206062042,466,252,0.16581178277180883,0.6441169085601247,0.09005584000260569,0.03151242699823342,0.2575224089960102
0.19749723312109121,0.7914797178271124,0.9317618389983908,0.1154723621245738,1380,710,0.07776843423443418,0.6399627252851238,0.10946693000732921,0.10345609800424427,0.20034682400000747
0.19592664671045848,0.7809851671811916,0.9580447743044067,0.07533614932382261,2874,1469,0.035573909413918366,0.45244372267817445,0.10688919899985194,0.13261563998821657,0.3896408820000943
0.19566540381053607,0.7760996576628867,0.9773967802832467,0.036882471077765544,6387,3235,0.013470279277267743,0.3380877409284202,0.1275332939985674,0.23403396499634255,0.5302219160075765
0.19562110701714738,0.7747649503845272,0.9898610294466993,0.017174380920968114,11544,5832,0.00929940368113751,0.3027344901091526,0.18123884800297674,0.6119697560061468,1.1200635509885615
0.19561139444248216,0.7739165994555218,0.9949929985399049,0.009697786133157022,24633,12396,0.003997445196556534,0.3027348623329571,0.3748863510118099,0.9571701259992551,2.2645468130067457
