L2,H1,Jaccard,Hausdorff,Elements,Vertices,SizeMin,SizeMax,PreMeshCompTime,RefineTime,SolveTime
120.8755334688208,143.67881975298738,0.0,2.6577117428464376,50,36,1.6970562562229206,1.6970562864362067,4.890025593340397e-07,0.001767426001606509,0.09388386800128501
249.78421149091807,296.4090667485875,0.0,2.437558200252871,200,121,0.8485281296659679,0.8485281436911638,7.509988790843636e-07,0.002599737999844365,0.23433379600101034
600.2662352116678,650.6172943033715,0.0,2.6577117428464376,800,441,0.42426406484401885,0.4242640731959809,6.129994289949536e-07,0.008516530000633793,0.1538488320002216
1300.252926050057,1375.558076870295,0.0,2.570160202758268,3200,1681,0.2121320324118696,0.2121320369276846,5.319998308550566e-07,0.030862645999150118,0.2979100459997426
17257.545230445772,19767.173697028862,0.0,2.2697538715854995,12800,6561,0.10606601614918901,0.10606601856358841,7.609996828250587e-07,0.13345466299870168,0.9661418279974896
20785.312190537374,21826.96765540715,0.0,2.297954446991912,51200,25921,0.05303300800938144,0.053033009328369116,5.749971023760736e-07,0.5158495809992019,3.8213708820003376
204398.8004840652,247156.1151343814,0.0,2.3162624724734826,204800,103041,0.02651647325786871,0.026516518282914736,6.020018190611154e-07,2.266711390999262,14.400147225002002
