L2,H1,Jaccard,Hausdorff,Elements,Vertices,SizeMin,SizeMax,PreMeshCompTime,RefineTime,SolveTime
1.5924301966929164,2.396372789508857,0.8630730252790181,0.13070251786974207,2488,1326,0.17308694336322,0.23754974698313164,6.233996828086674e-06,0.7285994470003061,0.18044780699710827
1.5988534597377857,2.4084860251988207,0.9751038490565622,0.02521315923832095,3615,1835,0.037001831722698365,1.485001349328482,5.6159988162107766e-06,0.5323838569966028,0.44271995699818945
1.5981858522099603,2.409288764517738,0.9902766525015763,0.009391685017685537,5997,3025,0.011606543736672293,1.2910823855015034,5.8730001910589635e-06,0.7744391380037996,0.5356341480000992
1.5980271601321394,2.409020842286299,0.9922117054309849,0.008826647958911693,9690,4871,0.00571893046269167,1.4543856681047402,5.873996997252107e-06,1.140569550996588,0.8303380260040285
1.5977474880820355,2.409370781600066,0.9922926069575095,0.00757157219333514,16000,8026,0.0032938766439151858,1.2792154839826364,5.63899811822921e-06,1.8191389860003255,1.438114960998064
1.5973801056488752,2.4091031220035335,0.9919834139759975,0.007226989492484393,27224,13638,0.001814645979897241,1.5802839257219552,5.795001925434917e-06,3.3256955460019526,2.4037768880007206
1.5980645552447976,2.409143263839439,0.9923642592772541,0.006254962824958489,50348,25200,0.0009575946562994686,1.4891694360841174,5.9689991758205e-06,4.556260699995619,4.538748936000047
