L2,H1,Jaccard,Hausdorff,Elements,Vertices,SizeMin,SizeMax,PreMeshCompTime,RefineTime,SolveTime
0.3337689741525657,0.8375449499357638,0.24260009117925152,0.5977922870905586,116,76,0.747448240575959,1.220127740877689,6.188001862028614e-06,0.5220154609996825,0.08746178200090071
0.03058268413123467,0.2662460926085322,0.8239162920184276,0.19179190497533505,507,280,0.22355897533051666,1.441728141491371,6.913000106578693e-06,0.21588114999758545,0.32490852900082245
0.01435639672633093,0.18906108558340842,0.9292632940174549,0.08324605851649924,924,491,0.09756599158449443,1.432663104652705,6.373997166519985e-06,0.2509943500008376,0.16527986800065264
0.0075830355969728775,0.14354232424783625,0.9668591421233712,0.03855294067940335,1864,971,0.04247329350305011,1.1750909273860055,6.4730011217761785e-06,0.3442637990010553,0.22272892299952218
0.003941115981917648,0.11054356120054949,0.979688009916779,0.02658758878661677,3456,1781,0.02432957073854261,0.9194661403833283,6.652997399214655e-06,0.5589366579988564,0.31766750200040406
0.0021603502653449597,0.0826345756694182,0.9863563852117436,0.02487645796711655,6929,3538,0.013335426815415552,0.7234312616707889,6.112000846769661e-06,0.916221959003451,0.5454179959997418
0.0010650610587090582,0.05930324906335226,0.992606263587837,0.01249822960048668,13992,7097,0.006805204787489101,0.5754240398596437,6.400998245226219e-06,1.3553500320012972,1.1459842730000673
