L2,Jaccard,Hausdorff,Elements,Vertices,SizeMin,SizeMax,MeshTime,SolveTime
1.5886094128861312,0.8865602274827971,0.14627544470692336,1572,851,0.21373908527036017,0.32310728607508576,0.5913317479989928,0.17061424999883457
1.5965460810934724,0.9251654902462965,0.07148128306321788,963,514,0.10538997188209083,1.2288731291003678,0.24167853800099692,0.2815499919997819
1.5993291970517636,0.9522862667591735,0.04667566568169852,1313,690,0.04993269038522664,1.1250689318306244,0.3599722449998808,0.18810031700013496
1.6028904338181365,0.9791973558788781,0.025928738898579662,5002,2563,0.022771540506859634,0.781980344885266,0.6488164399997913,0.4086775800005853
1.6033881005757453,0.9876124495784422,0.01756848145660194,7032,3583,0.01203786254991224,0.7597827201632744,1.1476166499996907,0.6411224499988748
1.603920802065084,0.9947526392361249,0.007291326135551664,26018,13142,0.004683986319494361,0.4866893838128436,2.7203957839992654,1.936927710999953
1.6039653656029318,0.9971223462824021,0.004135816722587433,34990,17638,0.00243062775601724,0.45097761902788897,2.8824424850008654,3.4602599129993905
