L2,H1,Jaccard,Hausdorff,Elements,Vertices,SizeMin,SizeMax,PreMeshCompTime,RefineTime,SolveTime
0.3337689741525657,0.8375449499357638,0.24260009117925152,0.5977922870905586,116,76,0.747448240575959,1.220127740877689,0.11334339799941517,0.009291070004110225,0.1401675469969632
0.03854457997302842,0.3134855721154719,0.775934071565404,0.17181491848803643,395,221,0.22996668816299207,1.205175842364804,0.034645801002625376,0.017860640000435524,0.25506488801329397
0.022248978630599922,0.2190702315882519,0.9183688985341774,0.07015290222323879,815,430,0.11477608481445223,1.340641230553708,0.03486403600254562,0.029106230998877436,0.16138761999900453
0.017335368493610486,0.19205183784062832,0.961771312111918,0.05012007845610227,1607,826,0.04977699969781749,1.4751663428931294,0.03708629799075425,0.05893501700484194,0.21613581701240037
0.016228871280432704,0.18760531793707974,0.9814070982793558,0.02765216623864234,3085,1565,0.022292572161579594,1.607716963342347,0.043352672990295105,0.12692210800014436,0.29062539200822357
0.016776074731136684,0.1826255719106561,0.9894245924753848,0.013854915471956273,6384,3215,0.010215242326650296,1.3849034607199708,0.0526441380061442,0.2513014059950365,0.5322246269934112
0.01728304947543709,0.18707111280989153,0.9925239637824015,0.009099799675727853,12912,6479,0.004529589856219307,1.512596513982052,0.09274845599429682,0.09801494699786417,1.039082988005248
