L2,Jaccard,Hausdorff,Elements,Vertices,SizeMin,SizeMax,MeshTime,SolveTime
1.5886094128861312,0.8865602274827971,0.14627544470692336,1572,851,0.21373908527036017,0.32310728607508576,0.6368939599997248,0.16007810799965227
1.5906645164250974,0.9211106400560725,0.10547972194224879,669,358,0.10592519067259161,1.4646872522995529,0.2282267549999233,0.29858697000054235
1.594754293147303,0.9466924473908729,0.07867024016994195,1190,619,0.0583872288140858,1.4147605525188955,0.314509537000049,0.17767878199992992
1.5964723813675228,0.9733222614529249,0.04092248533954217,2249,1149,0.02997072539419671,1.4528442453884747,0.37726368000039656,0.3015585109988024
1.5977720755772837,0.9858274611815371,0.018436915783730346,4405,2227,0.015522803639718153,1.5718992070945526,0.6002005120008107,0.37083646499922907
1.5980946740656743,0.992152509151261,0.009790918405421812,8590,4319,0.007568372710640401,1.4120507920344878,1.0612083050000365,0.6960666170016339
1.5982702667227426,0.9927367617215896,0.007973374038896341,16378,8213,0.0036680263540203265,1.506808733912677,1.5050002820007649,1.3002743209999608
