L2,H1,Jaccard,Hausdorff,Elements,Vertices,SizeMin,SizeMax,PreMeshCompTime,RefineTime,SolveTime
1.5924301966929164,2.396372789508857,0.8630730252790181,0.13070251786974207,2488,1326,0.17308694336322,0.23754974698313164,6.259993824642152e-06,0.6882644180004718,0.18208693499764195
1.6026029507187298,2.407878574772902,0.9734901402635004,0.031709821280768956,4119,2117,0.04349337407000121,0.861340113264579,5.560003046412021e-06,0.5286397059971932,0.4726003449977725
1.6030302032549881,2.4079284544624944,0.983700417696097,0.022123076923118996,5297,2709,0.01938765615935393,0.8800641065668301,5.518995749298483e-06,0.6961054329949548,0.5275516490000882
1.6036668378260082,2.4080517229296214,0.9899946183967853,0.013132626842981079,9028,4598,0.0102139158673569,0.6514455558436111,6.01399369770661e-06,1.0660521859972505,0.7470246049997513
1.6039219369147066,2.40825621634202,0.9956673865484157,0.005686455628951574,16010,8105,0.005250095881890997,0.5914438988763024,5.05800562677905e-06,1.8835891709968564,1.3911437959977775
1.6039568345875062,2.408122016689511,0.9968365541375986,0.00444054541504263,29248,14766,0.003000308270890712,0.40805336351992416,5.674002750311047e-06,3.523789542996383,2.4278539279985125
1.603999413094154,2.408129739264295,0.9980298455385765,0.0027176352161101635,56822,28609,0.0015189132607073526,0.3376326915552147,6.169997504912317e-06,5.231648521999887,4.740920080002979
