L2,H1,Jaccard,Hausdorff,Elements,Vertices,SizeMin,SizeMax,PreMeshCompTime,RefineTime,SolveTime
0.3337689741525657,0.8375449499357638,0.24260009117925152,0.5977922870905586,116,76,0.747448240575959,1.220127740877689,0.4789376609987812,0.010050996002973989,0.18650352100667078
0.03775311350165081,0.29305557788702136,0.7604191887777003,0.23411756392992764,483,267,0.22072923285238688,1.4556652208819914,0.1975987960031489,0.020223679006448947,0.3446343620016705
0.020075205403395083,0.2068647049850114,0.9418716685564222,0.07126961856356888,1049,549,0.07940317249769349,1.3298199510048807,0.23118493299989495,0.04246031100046821,0.17662744500557892
0.017703019992361194,0.18517937530326337,0.9712799728217569,0.038814216233945174,2137,1093,0.034264978240490226,1.3684911859978972,0.3376639490015805,0.08311403899278957,0.23287854400405195
0.017700038105677152,0.1852104020999087,0.986023754540718,0.01759144702767112,4225,2137,0.016732823450050494,1.4777093627712832,0.42612920999818016,0.16964424699835945,0.3865581340069184
0.017220652127679877,0.18380054002446183,0.9909525792148227,0.010972544122477234,8385,4217,0.007681272079944702,1.491785405877043,0.6970789579936536,0.3416794640070293,0.680183185992064
0.017537586082864064,0.1808443641666295,0.9930939092891653,0.0074562813630918105,16593,8321,0.0037466343144847425,1.499514187489361,1.3192017410037806,0.12082230100349989,1.3849948370043421
