L2,Jaccard,Hausdorff,Elements,Vertices,SizeMin,SizeMax,MeshTime,SolveTime
1.5886094128861312,0.8865602274827971,0.14627544470692336,1572,851,0.21373908527036017,0.32310728607508576,0.1075572989993816,0.1439927240007819
1.5979669919212214,0.9226351655138326,0.06758195216186809,2560,1345,0.09036760852711662,0.3343501159957451,0.170944015000714,0.3423978499995428
1.6010369049868562,0.9603034890167644,0.038236475409142046,4372,2251,0.04429735482393205,0.33434864973358736,0.37202797199825,0.46014383399960934
1.6018361401751737,0.9816317376382716,0.019167688280295542,7988,4059,0.021979500141167615,0.3343486497842627,0.7763346629999432,0.6495237369999813
1.6020323702367287,0.9911487612675846,0.0092657692951427,14944,7537,0.011255231924917768,0.33434864984996737,1.9024572939997597,1.2127386019983533
1.6020808543715765,0.995430718051061,0.004780530986641315,28702,14416,0.0054790450406378855,0.3343486494959872,5.349645229000089,2.4185469889998785
1.6020937313156771,0.9971120508774559,0.004021024725585757,56108,28119,0.0027177375373063414,0.3343486482322804,16.141182072999072,4.774471631000779
