L2,H1,Jaccard,Hausdorff,Elements,Vertices,SizeMin,SizeMax,PreMeshCompTime,RefineTime,SolveTime
1.5924301966929164,2.396372789508857,0.8630730252790181,0.13070251786974207,2488,1326,0.17308694336322,0.23754974698313164,0.2898024250025628,0.14252463900629664,0.1787514480020036
1.6007643304513353,2.405750175880589,0.9474911976937895,0.05554870012939008,3702,1934,0.06433249848311852,0.2374173894076381,0.445182299001317,0.22456495399819687,0.4704393159991014
1.6026705895458118,2.407849013878941,0.9691642892185278,0.03165037865569724,6048,3108,0.03547260634822313,0.23741738355450437,0.4402651549971779,0.4268867010032409,0.5568425259989453
1.6032986534493936,2.408313438590071,0.9854143070475232,0.015428733205941594,10555,5363,0.017650688956240487,0.23741738347553984,0.46009246299945517,1.0589690919950954,0.9884580910002114
1.603530532352565,2.408313831759396,0.9928758762648052,0.008026661171020567,19627,9901,0.008714096107989967,0.2354774741901784,0.5689986920042429,2.700921097995888,1.807461151998723
1.6036468307503149,2.408046676518251,0.9964091286553929,0.003789385524746149,38364,19282,0.004366846974866744,0.23547747395640709,0.7622505469989846,9.137358482999844,3.093534268999065
1.6037150998976804,2.4079163303565467,0.9981399609849889,0.0020258019931763726,74880,37554,0.0021799445380485103,0.23547747378265213,1.1137004289994366,30.430319804996543,6.732548226995277
