L2,Jaccard,Hausdorff,Elements,Vertices,SizeMin,SizeMax,MeshTime,SolveTime
1.5886094128861312,0.8865602274827971,0.14627544470692336,1572,851,0.21373908527036017,0.32310728607508576,0.271297573002812,0.14226745899941307
1.5984490217808283,0.9226351655138326,0.06758195216186809,2569,1350,0.08354988587025677,0.3343501168693778,0.5563195629983966,0.34431523099920014
1.6018627057953663,0.9603034890167637,0.038236475409142046,4411,2272,0.04427296102236856,0.3343486495530676,0.7247078729997156,0.368440317997738
1.6028802435965348,0.9811918997640486,0.019167688280295542,8106,4121,0.021979500524408637,0.3343486483968848,1.120725245000358,0.6750273049983662
1.6033400174138475,0.9908337936213875,0.009522728931609565,15464,7807,0.010002209455531694,0.3231072751296378,2.3908986700007517,1.203996439002367
1.6035757358273295,0.995442596980033,0.004615773879512066,30110,15139,0.005479292325239379,0.32310729854753667,6.386655747999612,2.268411594999634
1.6036255807262323,0.9977757288225942,0.002269623802058698,59216,29700,0.0023961701296821604,0.32310237664222075,20.279588028002763,5.214133636000042
