L2,Jaccard,Hausdorff,Elements,Vertices,SizeMin,SizeMax,MeshTime,SolveTime
1.5886094128861312,0.8865602274827971,0.14627544470692336,1572,851,0.21373908527036017,0.32310728607508576,0.1100672240008862,0.13587143500080856
1.5979669919212214,0.9226351655138326,0.06758195216186809,2560,1345,0.09036760852711662,0.3343501159957451,0.948721339000258,0.36057215099936
1.6022036837676095,0.960013611706693,0.038236475409142046,10240,5249,0.029628994312346706,0.1766590001800827,0.9194347020002169,0.7237299650005298
1.6030101368629044,0.9805307785706356,0.019739085142975277,13850,7054,0.021865667774459474,0.17665900021183017,26.657657116998962,1.378239270999984
1.6036774737044863,0.9904355086333416,0.009654819698245155,55400,27957,0.009866683281531364,0.08726052018964468,14.830599433000316,4.017249639999136
1.603726488544839,0.995305960634192,0.00472627244770034,69150,34832,0.005474429293314457,0.08726052097991449,642.8899078449995,7.3573321320000105
1.6039147764239932,0.9977040202948105,0.002594609665266233,276600,138813,0.002583677326932732,0.04363907461965045,309.90428679399884,19.217255847999695
