L2,H1,Jaccard,Hausdorff,Elements,Vertices,SizeMin,SizeMax,PreMeshCompTime,RefineTime,SolveTime
1.5924301966929164,2.396372789508857,0.8630730252790181,0.13070251786974207,2488,1326,0.17308694336322,0.23754974698313164,0.03320873300253879,0.12708570700488053,0.1811340230051428
1.6002636954848988,2.4058364268241683,0.9474911976937893,0.05554870012939008,3676,1920,0.0643324834250403,0.23741738956165517,0.0027156700016348623,1.8394028570037335,0.4694728290050989
1.6028237036698567,2.4075271830763816,0.9691642892185279,0.03165037865569724,14704,7515,0.02606881710509258,0.12797998032132177,0.03956211200420512,1.446267421997618,0.9939071390035679
1.6033075145865459,2.4080303659154954,0.9854143070475236,0.015428733205941594,19140,9733,0.017738353851835253,0.12797998032221217,0.002919639002357144,48.96732333500404,1.8575450619973708
1.6037733095695081,2.4081080247276048,0.9926064556712754,0.008026661171020567,76560,38605,0.006451473706467405,0.06251966944509484,0.12034970700187841,26.204050022002775,5.550285528996028
1.6038039285408612,2.4081324316833492,0.9962707229714807,0.004198850781488917,93948,47299,0.00437531622977804,0.06251966944372751,0.004703480997704901,1174.8707160630001,10.14580001700233
1.6039425156529374,2.408127299586557,0.9980881924267042,0.002167639381729911,375792,188545,0.0019445645388843906,0.031197593324771004,0.5068853010016028,567.6825993200036,29.619233201003226
