L2,Jaccard,Hausdorff,Elements,Vertices,SizeMin,SizeMax,MeshTime,SolveTime
1.5886094128861312,0.8865602274827971,0.14627544470692336,1572,851,0.21373908527036017,0.32310728607508576,0.13713756899960572,0.14686508799968578
1.597928181131967,0.9226351655138311,0.06758195216186809,1868,999,0.08559643909046034,0.32310728752657925,0.4983672660000593,0.33007448599892086
1.6022045767841868,0.9600136117066929,0.038236475409142046,7472,3865,0.04145733974533636,0.1766589994597174,0.5270527339998807,0.48847063899847853
1.603005489206766,0.980694066221817,0.019739085142975277,8598,4428,0.022167072481558914,0.17665899956067668,9.914678387000095,0.8178203609986667
1.603662251881633,0.9906324502546983,0.009522728931609565,34392,17453,0.009863748216088949,0.08726052054349757,6.0471968759993615,2.2574936189994332
1.6037119419593693,0.9953213974227856,0.011362531835118109,38946,19730,0.005333216752288289,0.08726052054455442,7.739955150000242,3.8703792939995765
1.60372497059366,0.9976558460343188,0.0056793158009697375,47634,24074,0.002055181320372519,0.08726052056003844,315.5740691539995,4.513338647000637
