L2,Jaccard,Hausdorff,Elements,Vertices,SizeMin,SizeMax,MeshTime,SolveTime
1.5886094128861312,0.8865602274827971,0.14627544470692336,1572,851,0.21373908527036017,0.32310728607508576,0.3224043369991705,0.16991977199904795
1.597928181131967,0.9226351655138311,0.06758195216186809,1868,999,0.08559643909046034,0.32310728752657925,0.11204473100042378,0.7724546690005809
1.6010712417944168,0.9603034890167634,0.038236475409142046,2408,1269,0.03429808609069281,0.3231072875331297,0.15640178700050456,0.27062085299985483
1.6018186797133969,0.9822897997142046,0.01870746803202371,3544,1837,0.009231500950037655,0.32310728758881097,0.25544585599891434,0.3412298789990018
1.6021592029894383,0.9909768316473089,0.022200919151265826,5712,2921,0.003911016849116467,0.32310728755637014,0.5006744600013917,0.486123980001139
1.6023566026640212,0.9941105568760232,0.011352290499561208,10044,5087,0.002399371339216527,0.323107287521234,1.1657227110008535,0.8946666370011371
1.6023045606710489,0.9950750601320635,0.0085477313405032,19064,9597,0.0011607727505376247,0.32310728752109175,3.0460292530005972,1.7264175849995809
