L2,Jaccard,Hausdorff,Elements,Vertices,SizeMin,SizeMax,MeshTime,SolveTime
1.5886094128861312,0.8865602274827971,0.14627544470692336,1572,851,0.21373908527036017,0.32310728607508576,0.3143485150012566,0.1354524689995742
1.598751147215458,0.9226351655138313,0.06758195216186809,1895,1013,0.08297416143885762,0.3231072875852397,0.7842378850000387,0.3251740539999446
1.6019940907175996,0.9600136117066925,0.038236475409142046,2504,1319,0.03426289156037485,0.32310728756063756,0.5578763899993646,0.2644520020003256
1.6017170724071226,0.9816988020059108,0.018731549597965882,4147,2142,0.016649490185357472,0.32342501897735626,0.7273528179994173,0.3713685059992713
1.6019686074850243,0.9907417191461947,0.022200919151265826,7062,3606,0.0037954330201628137,0.3231072742641584,1.0469231779989059,0.6522629070004768
1.6020127075641217,0.9948067616281427,0.011536894419855774,12776,6472,0.002546743600682039,0.3231072985212691,2.0021766280005977,1.1269993250007246
1.6018091476976248,0.9971528473665363,0.012015527172923967,24756,12470,0.0009864558812354453,0.32310237665221453,4.820449746999657,2.2408583689993975
