I,NV,NE,HMIN,HMAX,ENORM,ENORMPREF,JACCARD
0,441,800,0.28284,0.28284,1.506e-02,1.055e-02,0.86004
1,1681,3200,0.14142,0.14142,3.806e-03,2.248e-03,0.95197
2,6561,12800,0.07071,0.07071,9.985e-04,6.491e-04,0.96140
3,25921,51200,0.03536,0.03536,2.485e-04,1.586e-04,0.98093
4,103041,204800,0.01768,0.01768,6.041e-05,3.650e-05,0.99107
