L2,H1,Jaccard,Hausdorff,Elements,Vertices,SizeMin,SizeMax,PreMeshCompTime,RefineTime,SolveTime
0.3337690248829058,0.8375463102692631,0.2426012628571024,0.5977925326450937,116,76,0.7474482405759595,1.2201277408776894,0.03353666599969074,0.005239175999577128,0.08038073599982454
0.06810096428163415,0.41335936413543356,0.7724651075567304,0.3404625852727853,342,197,0.4127391493528351,1.1406493427929982,0.016299732999868866,0.01271571600000243,0.24457399099992472
0.02319471105385603,0.22153895115555328,0.8633801113893455,0.14814923249746484,851,460,0.19506515881364822,1.1405500486735953,0.017699577000257705,0.03529202300023826,0.15781692400014435
0.01038255753853662,0.1448018352684646,0.9075565692372868,0.08362786219820054,1837,953,0.09114136064566779,1.1405462979019978,0.023217344999920897,0.0891996619998281,0.20747473799974614
0.008726672579063755,0.12451577764732367,0.9581500928510007,0.04225566850920291,3643,1856,0.04940930948675625,1.1405462983735557,0.027787582999735605,0.18397203000040463,0.3320040280000285
0.008270258544790254,0.12046555379108011,0.9816461241776417,0.02221590597664865,7285,3677,0.02205106773595632,1.1405462983156134,0.047208025000145426,0.4608542160003708,0.5323011720001887
0.00819266467524376,0.11981950252764777,0.9914541209308675,0.010479496470265061,14417,7243,0.010995961889708075,1.140546298327897,0.07548664900059521,0.9676320630005648,1.1917023750002045
