L2,H1,Jaccard,Hausdorff,Elements,Vertices,SizeMin,SizeMax,PreMeshCompTime,RefineTime,SolveTime
0.3337690248829058,0.8375463102692631,0.2426012628571024,0.5977925326450937,116,76,0.7474482405759595,1.2201277408776894,4.640005499823019e-07,0.00207441599923186,0.07852273699973011
0.0679497922504049,0.4131495847339959,0.7724651075567304,0.3404625852727853,464,267,0.3701213071073958,0.6893111261605624,5.79000698053278e-07,0.006245586000659387,0.23109329500039166
0.02186947753802036,0.21579714655871443,0.8633801113893455,0.14814923249746484,1856,997,0.18632172672883093,0.33987626231626805,5.7199940783903e-07,0.020402015001309337,0.22277283299990813
0.0056689125925954405,0.11331717848175232,0.9075565692372863,0.08362786219820054,7424,3849,0.09312988912961778,0.16995991751172293,5.099991540191695e-07,0.08117518399922119,0.5001463709995733
0.0019232224087741407,0.060678629769767775,0.9560004058089479,0.04728896903011383,29696,15121,0.04656484344046566,0.08498012229140385,6.199989002197981e-07,0.37106451299951004,2.061130176998631
0.0006034808684973767,0.032883159101714694,0.9812217509120604,0.02221590597664865,118784,59937,0.023282421716232113,0.04249006114065855,6.099999154685065e-07,1.4866641199987498,8.760102274000019
0.0002193402735564457,0.017909381929922873,0.990459640917647,0.011542859357792286,475136,238657,0.011641210746714835,0.021245028666848055,5.549991328734905e-07,6.163220014001126,34.559823091
