L2,H1,Jaccard,Hausdorff,Elements,Vertices,SizeMin,SizeMax,PreMeshCompTime,RefineTime,SolveTime
0.3337689741525657,0.8375449499357638,0.24260009117925152,0.5977922870905586,116,76,0.747448240575959,1.220127740877689,0.013932516001659678,0.002156698003091151,0.08868731599795865
0.06794975339249061,0.4131348242555857,0.7724635829353468,0.34046095043419794,464,267,0.37012130710739577,0.6893111261605623,0.00280991099862149,0.006561789999977918,0.24540088499998092
0.021869432576754128,0.21577168253047324,0.863378124071472,0.14813542337676058,1856,997,0.18632172672883102,0.3398762623162679,0.08226721300161444,0.07750459199814941,0.21649199099920224
0.010320705037091475,0.17263093833657475,0.9075553845980313,0.0835107292892835,2146,1142,0.08850028157568005,0.33875756942815816,0.002498387999366969,0.02615717599837808,0.24007257699850015
0.0035585073015765778,0.0930319760717286,0.9559978204690661,0.047303796423885776,8584,4429,0.04176404657670267,0.1699576799695203,0.03379205400051433,0.6265949339976942,0.5621649409986276
0.00326072676365482,0.09085216307405461,0.9814880840831581,0.022234238033361768,9776,5025,0.02416607715199682,0.1699576791597176,0.0027460870005597826,0.12377082999955746,0.9878175190024194
0.001219631998938508,0.04991524393609881,0.9907723243107843,0.011357708474165246,39104,19825,0.010736429254664068,0.08498012242921556,0.16667570600111503,8.096716096999444,2.713209731999086
